date,TokenAddress,Token Name,symbol
2024/07/16,3DH8WZ6C2HdDR4J9ekYnTfai8Tx8mxn92mW8zcYmP4px,Holdium,holdium
2024/03/17,jtojtomepa8beP8AuQc6eXt5FriJwfFMwQx2v2f9mCL,JITO,jto
2024/03/19,jtojtomepa8beP8AuQc6eXt5FriJwfFMwQx2v2f9mCL,JITO,jto
2024/03/20,jtojtomepa8beP8AuQc6eXt5FriJwfFMwQx2v2f9mCL,JITO,jto
2024/03/23,jtojtomepa8beP8AuQc6eXt5FriJwfFMwQx2v2f9mCL,JITO,jto
2024/07/25,MEW1gQWJ3nEXg2qgERiKu7FAFj79PHvQVREQUzScPP5,cat in a dogs world,mew
2024/08/07,MEW1gQWJ3nEXg2qgERiKu7FAFj79PHvQVREQUzScPP5,cat in a dogs world,mew
2024/05/20,Em9zr2tgSmGgRbz3kxyQeRXjRi9oc13wMu6cKam4zWFW,Thief Cat ,thief
2024/03/19,HZ1JovNiVvGrGNiiYvEozEVgZ58xaU3RKwX8eACQBCt3,Pyth Network ,pyth-network
2024/04/04,HZ1JovNiVvGrGNiiYvEozEVgZ58xaU3RKwX8eACQBCt3,Pyth Network ,pyth-network
2024/03/21,rndrizKT3MK1iimdxRdWabcF7Zg7AR5T4nud4EkHBof,Render Token,render
2024/03/26,rndrizKT3MK1iimdxRdWabcF7Zg7AR5T4nud4EkHBof,Render Token,render
2024/04/13,rndrizKT3MK1iimdxRdWabcF7Zg7AR5T4nud4EkHBof,Render Token,render
2024/04/24,rndrizKT3MK1iimdxRdWabcF7Zg7AR5T4nud4EkHBof,Render Token,render
2024/04/28,rndrizKT3MK1iimdxRdWabcF7Zg7AR5T4nud4EkHBof,Render Token,render
2024/05/24,rndrizKT3MK1iimdxRdWabcF7Zg7AR5T4nud4EkHBof,Render Token,render
2024/06/24,rndrizKT3MK1iimdxRdWabcF7Zg7AR5T4nud4EkHBof,Render Token,render
2024/06/28,rndrizKT3MK1iimdxRdWabcF7Zg7AR5T4nud4EkHBof,Render Token,render
2024/07/24,rndrizKT3MK1iimdxRdWabcF7Zg7AR5T4nud4EkHBof,Render Token,render
2024/03/17,FL288umTU1x4AJz5rgxJUF558JudWjfpEddgzWZFgmNA,Render Token (Wormhole),render
2023/07/16,SOL,Native Solana,solana
2024/06/27,SOL,Native Solana,solana
2024/06/28,SOL,Native Solana,solana
2024/06/29,SOL,Native Solana,solana
2024/08/03,SOL,Native Solana,solana
